Signal name,overall level [RMS],overall level [dBSPL],overall level [dBA]
Fan,1.095998764038086,94.77560424804688,88.51893615722656
Aircraft,0.14492592215538025,77.20231628417969,73.6865234375
